-- phpMyAdmin SQL Dump
-- version 4.5.1
-- http://www.phpmyadmin.net
--
-- Host: 127.0.0.1:8080
-- Generation Time: 2016 年 5 朁E02 日 17:40
-- サーバのバージョン： 10.1.10-MariaDB
-- PHP Version: 5.5.33

SET SQL_MODE = "NO_AUTO_VALUE_ON_ZERO";
SET time_zone = "+00:00";


/*!40101 SET @OLD_CHARACTER_SET_CLIENT=@@CHARACTER_SET_CLIENT */;
/*!40101 SET @OLD_CHARACTER_SET_RESULTS=@@CHARACTER_SET_RESULTS */;
/*!40101 SET @OLD_COLLATION_CONNECTION=@@COLLATION_CONNECTION */;
/*!40101 SET NAMES utf8mb4 */;

--
-- Database: `cms`
--

-- --------------------------------------------------------

--
-- テーブルの構造 `main`
--

CREATE TABLE `main` (
  `id_que` int(11) NOT NULL,
  `title_que` varchar(255) COLLATE utf8_unicode_ci NOT NULL,
  `title_que_sub` varchar(255) COLLATE utf8_unicode_ci NOT NULL,
  `open_flag` tinyint(1) NOT NULL,
  `num_que` int(11) NOT NULL,
  `sel_type` int(11) NOT NULL,
  `id_teach` int(11) NOT NULL,
  `time_made` datetime NOT NULL,
  `time_edit` datetime NOT NULL
) ENGINE=InnoDB DEFAULT CHARSET=utf8 COLLATE=utf8_unicode_ci;

--
-- テーブルのデータのダンプ `main`
--

INSERT INTO `main` (`id_que`, `title_que`, `title_que_sub`, `open_flag`, `num_que`, `sel_type`, `id_teach`, `time_made`, `time_edit`) VALUES
(92, 'タイトル', '', 0, 5, 0, 0, '2016-04-27 19:16:50', '0000-00-00 00:00:00'),
(93, 'タイトル変更', 'サブタイトル変更', 0, 5, 0, 0, '2016-04-30 13:35:01', '2016-04-30 14:35:23'),
(94, 'title', 'subtitle', 1, 3, 0, 0, '2016-04-28 22:14:10', '2016-04-30 15:07:16'),
(95, 'title', 'subtitle', 0, 10, 0, 0, '2016-04-29 17:21:41', '2016-04-30 14:35:46'),
(96, 'タイトル変更', 'サブタイトル', 0, 0, 0, 0, '2016-04-30 13:28:32', '0000-00-00 00:00:00'),
(97, '', 'こっちは文章題', 0, 4, 0, 0, '2016-05-01 19:27:46', '0000-00-00 00:00:00'),
(98, '実験2', 'jikken2', 0, 0, 0, 0, '2016-05-01 19:36:01', '0000-00-00 00:00:00'),
(99, '実験3', 'jikken3', 0, 0, 0, 0, '2016-05-01 19:36:56', '0000-00-00 00:00:00'),
(100, '実験4', 'jikken4', 0, 3, 0, 0, '2016-05-01 19:44:38', '0000-00-00 00:00:00'),
(101, '実験4', 'jikken4', 0, 3, 0, 0, '2016-05-01 19:45:43', '0000-00-00 00:00:00'),
(102, '実験5', 'jikken5', 0, 2, 0, 0, '2016-05-01 19:46:08', '0000-00-00 00:00:00'),
(103, '選択実験', 'まさかの1発？', 0, 2, 1, 0, '2016-05-02 17:39:53', '0000-00-00 00:00:00'),
(104, '選択実験', 'まさかの1発？', 0, 2, 1, 0, '2016-05-02 17:41:13', '0000-00-00 00:00:00'),
(105, '選択実験', 'まさかの1発？', 0, 2, 1, 0, '2016-05-02 17:45:28', '0000-00-00 00:00:00'),
(106, '選択実験', 'まさかの1発？', 0, 2, 1, 0, '2016-05-02 17:45:35', '0000-00-00 00:00:00'),
(107, '選択実験', 'まさかの1発？', 0, 2, 1, 0, '2016-05-02 17:48:02', '0000-00-00 00:00:00'),
(108, '選択実験', 'まさかの1発？', 0, 2, 1, 0, '2016-05-02 17:48:10', '0000-00-00 00:00:00'),
(109, '選択実験', 'まさかの1発？', 0, 2, 1, 0, '2016-05-02 17:52:14', '0000-00-00 00:00:00'),
(110, '選択実験', 'まさかの1発？', 0, 2, 1, 0, '2016-05-02 18:56:12', '0000-00-00 00:00:00'),
(111, '選択実験', 'まさかの1発？', 1, 2, 1, 0, '2016-05-02 18:56:28', '0000-00-00 00:00:00'),
(112, '選択実験', 'まさかの1発？', 1, 2, 1, 0, '2016-05-02 19:07:46', '0000-00-00 00:00:00'),
(113, '（更新）実験実験', '（更新）さぶ', 1, 2, 1, 0, '2016-05-02 19:08:55', '2016-05-03 00:32:08'),
(114, '（更新）タイプ分け実験', 'サブ', 1, 3, 0, 0, '2016-05-02 19:25:34', '2016-05-03 00:07:06');

-- --------------------------------------------------------

--
-- テーブルの構造 `question`
--

CREATE TABLE `question` (
  `id_sub` int(11) NOT NULL,
  `id_que` int(11) NOT NULL,
  `question` varchar(255) COLLATE utf8_unicode_ci NOT NULL,
  `answer` varchar(255) COLLATE utf8_unicode_ci NOT NULL,
  `id_teach` int(11) NOT NULL,
  `time_made` datetime NOT NULL,
  `time_edit` datetime NOT NULL
) ENGINE=InnoDB DEFAULT CHARSET=utf8 COLLATE=utf8_unicode_ci;

--
-- テーブルのデータのダンプ `question`
--

INSERT INTO `question` (`id_sub`, `id_que`, `question`, `answer`, `id_teach`, `time_made`, `time_edit`) VALUES
(64, 0, '1', '2', 0, '2016-04-27 19:02:28', '0000-00-00 00:00:00'),
(65, 0, '3', '4', 0, '2016-04-27 19:02:28', '0000-00-00 00:00:00'),
(66, 0, '5', '6', 0, '2016-04-27 19:02:28', '0000-00-00 00:00:00'),
(67, 0, '1', '2', 0, '2016-04-27 19:07:26', '0000-00-00 00:00:00'),
(68, 0, '3', '4', 0, '2016-04-27 19:07:26', '0000-00-00 00:00:00'),
(69, 0, '5', '6', 0, '2016-04-27 19:07:26', '0000-00-00 00:00:00'),
(70, 93, '1', '2', 0, '2016-04-27 19:17:39', '2016-04-30 14:35:23'),
(71, 93, '3', '4', 0, '2016-04-27 19:17:39', '2016-04-30 14:35:23'),
(72, 93, '5', '6', 0, '2016-04-27 19:17:39', '2016-04-30 14:35:23'),
(73, 93, '7', '8', 0, '2016-04-27 19:17:39', '2016-04-30 14:35:23'),
(74, 93, '9', '10', 0, '2016-04-27 19:17:40', '2016-04-30 14:35:23'),
(75, 94, '1', '2', 0, '2016-04-28 22:14:10', '2016-04-30 15:07:16'),
(76, 94, '3', '4', 0, '2016-04-28 22:14:10', '2016-04-30 15:07:16'),
(77, 94, '5', '6', 0, '2016-04-28 22:14:10', '2016-04-30 15:07:16'),
(78, 95, 'q', 'w', 0, '2016-04-29 17:21:41', '2016-04-30 14:35:46'),
(79, 95, 'e変更', 'r', 0, '2016-04-29 17:21:41', '2016-04-30 14:35:46'),
(80, 95, 't', 'y', 0, '2016-04-29 17:21:41', '2016-04-30 14:35:46'),
(81, 95, 'u', 'i', 0, '2016-04-29 17:21:41', '2016-04-30 14:35:46'),
(82, 95, 'o', 'p', 0, '2016-04-29 17:21:41', '2016-04-30 14:35:46'),
(83, 95, 'a', 's', 0, '2016-04-29 17:21:41', '2016-04-30 14:35:46'),
(84, 95, 'd', 'f変更', 0, '2016-04-29 17:21:41', '2016-04-30 14:35:46'),
(85, 95, 'g', 'h', 0, '2016-04-29 17:21:41', '2016-04-30 14:35:46'),
(86, 95, 'j変更', 'k', 0, '2016-04-29 17:21:41', '2016-04-30 14:35:46'),
(87, 95, 'l', 'z', 0, '2016-04-29 17:21:41', '2016-04-30 14:35:46'),
(88, 97, 'リンゴ', 'apple', 0, '2016-05-01 19:27:46', '0000-00-00 00:00:00'),
(89, 97, 'みかん', 'orange', 0, '2016-05-01 19:27:46', '0000-00-00 00:00:00'),
(90, 97, 'メロン', 'melon', 0, '2016-05-01 19:27:46', '0000-00-00 00:00:00'),
(91, 97, 'すいか', 'watermelon', 0, '2016-05-01 19:27:46', '0000-00-00 00:00:00'),
(92, 98, '1', '2', 0, '2016-05-01 19:36:01', '0000-00-00 00:00:00'),
(93, 98, '3', '4', 0, '2016-05-01 19:36:01', '0000-00-00 00:00:00'),
(94, 98, '5', '6', 0, '2016-05-01 19:36:01', '0000-00-00 00:00:00'),
(95, 99, '1', '2', 0, '2016-05-01 19:36:56', '0000-00-00 00:00:00'),
(96, 99, '3', '4', 0, '2016-05-01 19:36:56', '0000-00-00 00:00:00'),
(97, 99, '5', '6', 0, '2016-05-01 19:36:56', '0000-00-00 00:00:00'),
(98, 101, '1', '2', 0, '2016-05-01 19:45:43', '0000-00-00 00:00:00'),
(99, 101, '3', '4', 0, '2016-05-01 19:45:43', '0000-00-00 00:00:00'),
(100, 101, '5', '6', 0, '2016-05-01 19:45:43', '0000-00-00 00:00:00'),
(101, 102, '1', '2', 0, '2016-05-01 19:46:08', '0000-00-00 00:00:00'),
(102, 102, '3', '4', 0, '2016-05-01 19:46:08', '0000-00-00 00:00:00'),
(103, 114, '更新', '2', 0, '2016-05-02 19:25:34', '2016-05-03 00:07:06'),
(104, 114, '3', '4', 0, '2016-05-02 19:25:34', '2016-05-03 00:07:06'),
(105, 114, '5', '6', 0, '2016-05-02 19:25:34', '2016-05-03 00:07:06');

-- --------------------------------------------------------

--
-- テーブルの構造 `selection`
--

CREATE TABLE `selection` (
  `id_que` int(11) NOT NULL,
  `id_sub` int(11) NOT NULL,
  `question` varchar(255) COLLATE utf8_unicode_ci NOT NULL,
  `choose1` varchar(255) COLLATE utf8_unicode_ci NOT NULL,
  `choose2` varchar(255) COLLATE utf8_unicode_ci NOT NULL,
  `choose3` varchar(255) COLLATE utf8_unicode_ci NOT NULL,
  `choose4` varchar(255) COLLATE utf8_unicode_ci NOT NULL,
  `answer` int(11) NOT NULL,
  `id_teach` int(11) NOT NULL,
  `time_made` datetime NOT NULL,
  `time_edit` datetime NOT NULL
) ENGINE=InnoDB DEFAULT CHARSET=utf8 COLLATE=utf8_unicode_ci;

--
-- テーブルのデータのダンプ `selection`
--

INSERT INTO `selection` (`id_que`, `id_sub`, `question`, `choose1`, `choose2`, `choose3`, `choose4`, `answer`, `id_teach`, `time_made`, `time_edit`) VALUES
(105, 1, '1', 'あ', 'い', '0', '0', 0, 0, '0000-00-00 00:00:00', '0000-00-00 00:00:00'),
(105, 2, '2', 'お', 'あ', '0', '0', 0, 0, '0000-00-00 00:00:00', '0000-00-00 00:00:00'),
(106, 3, '1', 'あ', 'い', '0', '0', 0, 0, '0000-00-00 00:00:00', '0000-00-00 00:00:00'),
(106, 4, '2', 'お', 'あ', '0', '0', 0, 0, '0000-00-00 00:00:00', '0000-00-00 00:00:00'),
(107, 5, '1', 'あ', 'い', '0', '0', 0, 0, '0000-00-00 00:00:00', '0000-00-00 00:00:00'),
(107, 6, '2', 'お', 'あ', '0', '0', 0, 0, '0000-00-00 00:00:00', '0000-00-00 00:00:00'),
(108, 7, '1', 'あ', 'い', '0', '0', 0, 0, '0000-00-00 00:00:00', '0000-00-00 00:00:00'),
(108, 8, '2', 'お', 'あ', '0', '0', 0, 0, '0000-00-00 00:00:00', '0000-00-00 00:00:00'),
(109, 9, '1', 'あ', 'い', 'う', 'え', 0, 0, '2016-05-02 17:52:14', '0000-00-00 00:00:00'),
(109, 10, '2', 'お', 'あ', 'い', 'う', 0, 0, '2016-05-02 17:52:14', '0000-00-00 00:00:00'),
(110, 11, '1', 'あ', 'い', 'う', 'え', 0, 0, '2016-05-02 18:56:12', '0000-00-00 00:00:00'),
(110, 12, '2', 'お', 'あ', 'い', 'う', 0, 0, '2016-05-02 18:56:12', '0000-00-00 00:00:00'),
(111, 13, '1', 'あ', 'い', 'う', 'え', 0, 0, '2016-05-02 18:56:28', '0000-00-00 00:00:00'),
(111, 14, '2', 'お', 'あ', 'い', 'う', 0, 0, '2016-05-02 18:56:28', '0000-00-00 00:00:00'),
(112, 15, '1', 'あ', 'い', 'う', 'え', 0, 0, '2016-05-02 19:07:46', '0000-00-00 00:00:00'),
(112, 16, '2', 'お', 'あ', 'い', 'う', 0, 0, '2016-05-02 19:07:46', '0000-00-00 00:00:00'),
(113, 17, '来い！', '1', '2', '3', '4', 2, 0, '2016-05-02 19:08:55', '0000-00-00 00:00:00'),
(113, 18, '頼む！', '5', '6', '7', '8', 3, 0, '2016-05-02 19:08:55', '0000-00-00 00:00:00');

--
-- Indexes for dumped tables
--

--
-- Indexes for table `main`
--
ALTER TABLE `main`
  ADD PRIMARY KEY (`id_que`);

--
-- Indexes for table `question`
--
ALTER TABLE `question`
  ADD PRIMARY KEY (`id_sub`);

--
-- Indexes for table `selection`
--
ALTER TABLE `selection`
  ADD PRIMARY KEY (`id_sub`);

--
-- AUTO_INCREMENT for dumped tables
--

--
-- AUTO_INCREMENT for table `main`
--
ALTER TABLE `main`
  MODIFY `id_que` int(11) NOT NULL AUTO_INCREMENT, AUTO_INCREMENT=115;
--
-- AUTO_INCREMENT for table `question`
--
ALTER TABLE `question`
  MODIFY `id_sub` int(11) NOT NULL AUTO_INCREMENT, AUTO_INCREMENT=106;
--
-- AUTO_INCREMENT for table `selection`
--
ALTER TABLE `selection`
  MODIFY `id_sub` int(11) NOT NULL AUTO_INCREMENT, AUTO_INCREMENT=19;
/*!40101 SET CHARACTER_SET_CLIENT=@OLD_CHARACTER_SET_CLIENT */;
/*!40101 SET CHARACTER_SET_RESULTS=@OLD_CHARACTER_SET_RESULTS */;
/*!40101 SET COLLATION_CONNECTION=@OLD_COLLATION_CONNECTION */;
