-- phpMyAdmin SQL Dump
-- version 4.5.1
-- http://www.phpmyadmin.net
--
-- Host: 127.0.0.1:8080
-- Generation Time: 2016 年 5 朁E26 日 11:52
-- サーバのバージョン： 10.1.10-MariaDB
-- PHP Version: 5.5.33

SET SQL_MODE = "NO_AUTO_VALUE_ON_ZERO";
SET time_zone = "+00:00";


/*!40101 SET @OLD_CHARACTER_SET_CLIENT=@@CHARACTER_SET_CLIENT */;
/*!40101 SET @OLD_CHARACTER_SET_RESULTS=@@CHARACTER_SET_RESULTS */;
/*!40101 SET @OLD_COLLATION_CONNECTION=@@COLLATION_CONNECTION */;
/*!40101 SET NAMES utf8mb4 */;

--
-- Database: `cms`
--

-- --------------------------------------------------------

--
-- テーブルの構造 `main`
--

CREATE TABLE `main` (
  `id_que` int(11) NOT NULL,
  `title_que` varchar(255) COLLATE utf8_unicode_ci NOT NULL,
  `title_que_sub` varchar(255) COLLATE utf8_unicode_ci NOT NULL,
  `open_flag` tinyint(1) NOT NULL,
  `delete_flag` tinyint(1) NOT NULL DEFAULT '0',
  `num_que` int(11) NOT NULL,
  `sel_type` int(11) NOT NULL,
  `subject_id` int(11) NOT NULL,
  `id_teach` int(11) NOT NULL,
  `time_made` datetime NOT NULL,
  `time_edit` datetime NOT NULL
) ENGINE=InnoDB DEFAULT CHARSET=utf8 COLLATE=utf8_unicode_ci;

--
-- テーブルのデータのダンプ `main`
--

INSERT INTO `main` (`id_que`, `title_que`, `title_que_sub`, `open_flag`, `delete_flag`, `num_que`, `sel_type`, `subject_id`, `id_teach`, `time_made`, `time_edit`) VALUES
(180, 'jikken', 'jikken', 1, 0, 6, 0, 0, 1, '2016-05-17 19:39:04', '2016-05-19 09:48:58'),
(181, '実験', '実験', 0, 0, 3, 1, 0, 1, '2016-05-17 20:00:37', '2016-05-18 20:38:32'),
(182, '実験２', '実験', 0, 0, 2, 1, 0, 1, '2016-05-18 20:02:35', '2016-05-18 20:03:00'),
(183, 'jikken', 'jikken', 0, 0, 2, 1, 0, 1, '2016-05-18 20:03:50', '0000-00-00 00:00:00'),
(184, '科目選択実験', '算数', 0, 0, 3, 0, 0, 1, '2016-05-18 22:30:09', '0000-00-00 00:00:00'),
(185, '科目選択実験', '算数', 0, 0, 1, 0, 0, 2, '2016-05-18 22:32:16', '0000-00-00 00:00:00'),
(186, '科目選択実験', '算数', 0, 0, 1, 0, 0, 2, '2016-05-18 22:32:29', '0000-00-00 00:00:00'),
(187, '科目選択実験', '算数', 0, 0, 1, 0, 0, 2, '2016-05-18 22:34:44', '0000-00-00 00:00:00'),
(188, '科目選択実験', '科目選択', 0, 0, 1, 0, 2, 3, '2016-05-18 22:42:12', '0000-00-00 00:00:00'),
(189, '科目選択実験', '科目選択', 0, 0, 3, 0, 2, 3, '2016-05-18 22:49:49', '2016-05-19 09:36:54'),
(191, '科目選択実験', 'プログラミング', 0, 0, 2, 1, 13, 3, '2016-05-18 23:00:50', '2016-05-19 09:36:44'),
(192, '英単語', '次の日本語を英訳しなさい', 0, 0, 3, 0, 5, 0, '2016-05-22 22:50:58', '0000-00-00 00:00:00'),
(193, '英単語', '次の日本語を英訳しなさい', 0, 0, 1, 0, 5, 0, '2016-05-22 22:51:02', '0000-00-00 00:00:00'),
(196, '実験', '実験', 0, 0, 2, 0, 1, 4, '2016-05-22 23:07:12', '2016-05-22 23:07:34'),
(197, '英単語', '次の英語の意味を選びなさい', 0, 0, 1, 1, 5, 4, '2016-05-22 23:12:44', '0000-00-00 00:00:00'),
(198, '実験', '実験', 0, 0, 2, 0, 0, 9, '2016-05-24 21:32:52', '2016-05-25 18:33:40'),
(199, '実験更新', '実験更新', 1, 1, 1, 0, 6, 9, '2016-05-24 22:04:44', '2016-05-25 18:27:59'),
(200, '実験更新', '実験更新', 0, 1, -1, 1, 4, 9, '2016-05-24 22:07:20', '2016-05-24 22:11:13'),
(201, '実験更新', '実験更新', 0, 1, 2, 1, 4, 9, '2016-05-24 22:17:09', '2016-05-24 22:22:30'),
(202, '実験', '実験', 0, 1, 0, 1, 2, 9, '2016-05-24 22:23:07', '2016-05-24 22:41:07'),
(203, '実験更新', '実験更新', 0, 1, 2, 1, 5, 9, '2016-05-24 22:48:03', '2016-05-25 17:07:49'),
(204, '実験', '実験', 0, 1, 1, 1, 4, 9, '2016-05-25 17:10:35', '0000-00-00 00:00:00'),
(205, 'word', 'please answer the meanin', 1, 0, 1, 1, 5, 9, '2016-05-25 17:11:21', '2016-05-26 15:06:50');

-- --------------------------------------------------------

--
-- テーブルの構造 `question`
--

CREATE TABLE `question` (
  `id_sub` int(11) NOT NULL,
  `id_que` int(11) NOT NULL,
  `question` varchar(255) COLLATE utf8_unicode_ci NOT NULL,
  `answer` varchar(255) COLLATE utf8_unicode_ci NOT NULL,
  `id_teach` int(11) NOT NULL,
  `time_made` datetime NOT NULL,
  `time_edit` datetime NOT NULL
) ENGINE=InnoDB DEFAULT CHARSET=utf8 COLLATE=utf8_unicode_ci;

--
-- テーブルのデータのダンプ `question`
--

INSERT INTO `question` (`id_sub`, `id_que`, `question`, `answer`, `id_teach`, `time_made`, `time_edit`) VALUES
(240, 180, '1', '2', 1, '2016-05-17 19:39:04', '2016-05-19 09:48:58'),
(241, 180, '3', '4', 1, '2016-05-17 19:39:04', '2016-05-19 09:48:58'),
(245, 180, '0', '0', 1, '2016-05-17 19:43:57', '2016-05-19 09:48:58'),
(247, 180, '追加', '追加', 1, '2016-05-17 19:50:31', '2016-05-19 09:48:58'),
(248, 180, '追加', '追加', 1, '2016-05-17 19:57:02', '2016-05-19 09:48:58'),
(249, 184, '1', '2', 1, '2016-05-18 22:30:09', '0000-00-00 00:00:00'),
(250, 184, '3', '4', 1, '2016-05-18 22:30:09', '0000-00-00 00:00:00'),
(251, 184, '5', '6', 1, '2016-05-18 22:30:09', '0000-00-00 00:00:00'),
(252, 185, '1', '2', 1, '2016-05-18 22:32:16', '0000-00-00 00:00:00'),
(253, 186, '1', '2', 0, '2016-05-18 22:32:29', '0000-00-00 00:00:00'),
(254, 187, '1', '2', 0, '2016-05-18 22:34:44', '0000-00-00 00:00:00'),
(255, 188, '1', '2', 0, '2016-05-18 22:42:12', '0000-00-00 00:00:00'),
(256, 189, '1', '2', 0, '2016-05-18 22:49:49', '2016-05-19 09:36:54'),
(257, 190, '1', '2', 0, '2016-05-18 22:50:29', '2016-05-19 19:16:05'),
(258, 190, '1', '2', 0, '2016-05-18 22:55:04', '2016-05-19 19:16:05'),
(259, 190, '3', '4', 0, '2016-05-19 09:27:45', '2016-05-19 19:16:05'),
(260, 190, '5', '6', 0, '2016-05-19 09:27:45', '2016-05-19 19:16:05'),
(262, 190, '７', '８', 0, '2016-05-19 09:32:56', '2016-05-19 19:16:05'),
(263, 190, '７', '８', 0, '2016-05-19 09:35:47', '0000-00-00 00:00:00'),
(264, 190, '７', '８', 0, '2016-05-19 09:36:26', '0000-00-00 00:00:00'),
(265, 189, '', '', 0, '2016-05-19 09:36:54', '0000-00-00 00:00:00'),
(266, 189, '', '', 0, '2016-05-19 09:36:54', '0000-00-00 00:00:00'),
(268, 180, '', '', 0, '2016-05-19 09:41:22', '2016-05-19 09:48:58'),
(269, 192, 'りんご', 'apple', 0, '2016-05-22 22:50:58', '0000-00-00 00:00:00'),
(270, 192, 'みかん', 'orange', 0, '2016-05-22 22:50:58', '0000-00-00 00:00:00'),
(271, 192, 'ぶどう', 'garape', 0, '2016-05-22 22:50:58', '0000-00-00 00:00:00'),
(272, 193, 'りんご', 'apple', 0, '2016-05-22 22:51:02', '0000-00-00 00:00:00'),
(273, 193, 'みかん', 'orange', 0, '2016-05-22 22:51:02', '0000-00-00 00:00:00'),
(274, 193, 'ぶどう', 'garape', 0, '2016-05-22 22:51:02', '0000-00-00 00:00:00'),
(275, 194, '実験', '実験', 0, '2016-05-22 22:54:20', '0000-00-00 00:00:00'),
(276, 195, '実験', '実験', 0, '2016-05-22 22:54:30', '0000-00-00 00:00:00'),
(277, 193, '実験', '実験', 0, '2016-05-22 22:59:10', '0000-00-00 00:00:00'),
(278, 193, '実験', '実験', 0, '2016-05-22 22:59:17', '0000-00-00 00:00:00'),
(279, 193, '実験', '実験', 0, '2016-05-22 23:01:39', '0000-00-00 00:00:00'),
(280, 193, '実験', '実験', 0, '2016-05-22 23:01:46', '0000-00-00 00:00:00'),
(281, 193, '実験', '実験', 0, '2016-05-22 23:04:06', '0000-00-00 00:00:00'),
(282, 193, '実験', '実験', 0, '2016-05-22 23:06:35', '0000-00-00 00:00:00'),
(283, 193, '実験', '実験', 0, '2016-05-22 23:06:40', '0000-00-00 00:00:00'),
(284, 196, '実験', '実験', 0, '2016-05-22 23:07:12', '2016-05-22 23:07:34'),
(285, 196, '実験', '実験', 0, '2016-05-22 23:07:34', '0000-00-00 00:00:00'),
(295, 198, '更新', '更新', 0, '2016-05-25 17:07:22', '2016-05-25 18:33:40'),
(296, 199, '1', '2', 0, '2016-05-25 18:26:36', '2016-05-25 18:27:59'),
(297, 199, '1', '2', 0, '2016-05-25 18:27:50', '0000-00-00 00:00:00'),
(299, 198, '追加', '追加', 0, '2016-05-25 18:31:56', '0000-00-00 00:00:00'),
(300, 198, '追加', '追加', 0, '2016-05-25 18:33:40', '0000-00-00 00:00:00');

-- --------------------------------------------------------

--
-- テーブルの構造 `selection`
--

CREATE TABLE `selection` (
  `id_que` int(11) NOT NULL,
  `id_sub` int(11) NOT NULL,
  `question` varchar(255) COLLATE utf8_unicode_ci NOT NULL,
  `choose1` varchar(255) COLLATE utf8_unicode_ci NOT NULL,
  `choose2` varchar(255) COLLATE utf8_unicode_ci NOT NULL,
  `choose3` varchar(255) COLLATE utf8_unicode_ci NOT NULL,
  `choose4` varchar(255) COLLATE utf8_unicode_ci NOT NULL,
  `answer` int(11) NOT NULL,
  `id_teach` int(11) NOT NULL,
  `time_made` datetime NOT NULL,
  `time_edit` datetime NOT NULL
) ENGINE=InnoDB DEFAULT CHARSET=utf8 COLLATE=utf8_unicode_ci;

--
-- テーブルのデータのダンプ `selection`
--

INSERT INTO `selection` (`id_que`, `id_sub`, `question`, `choose1`, `choose2`, `choose3`, `choose4`, `answer`, `id_teach`, `time_made`, `time_edit`) VALUES
(181, 60, '1', '2', '3', '4', '5', 1, 0, '2016-05-17 20:00:37', '2016-05-18 20:38:32'),
(181, 61, '1', '2', '3', '4', '5', 2, 0, '2016-05-17 20:00:37', '2016-05-18 20:38:32'),
(181, 63, '追加', '追加', '追加', '追加', '追加', 1, 0, '2016-05-17 20:01:11', '0000-00-00 00:00:00'),
(182, 64, '1', '2', '3', '4', '5', 2, 0, '2016-05-18 20:02:35', '2016-05-18 20:03:00'),
(182, 66, '1', '2', '3', '4', '5', 4, 0, '2016-05-18 20:03:00', '0000-00-00 00:00:00'),
(183, 67, '1', '2', '3', '4', '5', 3, 0, '2016-05-18 20:03:50', '0000-00-00 00:00:00'),
(183, 68, '1', '2', '3', '4', '5', 4, 0, '2016-05-18 20:03:50', '0000-00-00 00:00:00'),
(191, 69, '1', '2', '3', '4', '5', 3, 0, '2016-05-18 23:00:50', '2016-05-19 09:36:44'),
(191, 70, '', '', '', '', '', 1, 0, '2016-05-19 09:36:44', '0000-00-00 00:00:00'),
(197, 71, 'apple', 'リンゴ', 'みかん', 'マンゴー', 'ぶどう', 1, 0, '2016-05-22 23:12:44', '0000-00-00 00:00:00'),
(200, 72, '1', '2', '3', '4', '5', 0, 0, '2016-05-24 22:07:20', '2016-05-24 22:11:13'),
(200, 74, '1', '2', '3', '4', '5', 0, 0, '2016-05-24 22:07:20', '2016-05-24 22:11:13'),
(200, 78, '追加', '追加', '追加', '追加', '追加', 0, 0, '2016-05-24 22:10:58', '0000-00-00 00:00:00'),
(201, 80, '1', '2', '3', '4', '5', 0, 0, '2016-05-24 22:17:09', '2016-05-24 22:22:30'),
(201, 81, '追加', '追加', '追加', '追加', '追加', 3, 0, '2016-05-24 22:18:12', '0000-00-00 00:00:00'),
(201, 82, '追加', '追加', '追加', '追加', '追加', 3, 0, '2016-05-24 22:18:27', '0000-00-00 00:00:00'),
(202, 85, '1更新', '2更新', '3更新', '4更新', '5更新', 0, 0, '2016-05-24 22:27:32', '0000-00-00 00:00:00'),
(202, 88, '1更新', '2更新', '3更新', '4更新', '5更新', 0, 0, '2016-05-24 22:38:43', '0000-00-00 00:00:00'),
(202, 89, '追加', '追加', '追加', '追加', '追加', 0, 0, '2016-05-24 22:38:43', '0000-00-00 00:00:00'),
(202, 90, '1更新', '2更新', '3更新', '4更新', '5更新', 0, 0, '2016-05-24 22:39:21', '0000-00-00 00:00:00'),
(202, 91, '追加', '追加', '追加', '追加', '追加', 0, 0, '2016-05-24 22:39:21', '0000-00-00 00:00:00'),
(203, 95, '追加更新', '追加更新', '追加更新', '追加更新', '追加更新', 3, 0, '2016-05-24 22:55:57', '2016-05-25 17:05:36'),
(203, 101, '追加更新', '追加', '追加', '追加', '追加', 1, 0, '2016-05-25 17:04:11', '0000-00-00 00:00:00'),
(203, 102, '追加', '追加', '追加', '追加', '追加', 1, 0, '2016-05-25 17:04:11', '0000-00-00 00:00:00'),
(203, 103, '追加', '追加', '追加', '追加', '追加', 1, 0, '2016-05-25 17:04:11', '0000-00-00 00:00:00'),
(203, 104, '追加更新', '追加更新', '追加更新', '追加更新', '追加更新', 3, 0, '2016-05-25 17:07:49', '0000-00-00 00:00:00'),
(203, 105, '追加更新', '追加', '追加', '追加', '追加', 1, 0, '2016-05-25 17:07:49', '0000-00-00 00:00:00'),
(203, 106, '追加', '追加', '追加', '追加', '追加', 1, 0, '2016-05-25 17:07:49', '0000-00-00 00:00:00'),
(203, 107, '追加', '追加', '追加', '追加', '追加', 1, 0, '2016-05-25 17:07:49', '0000-00-00 00:00:00'),
(204, 108, '1', '2', '3', '4', '5', 1, 0, '2016-05-25 17:10:35', '0000-00-00 00:00:00'),
(205, 114, 'りんご', 'orange', 'apple', 'grapes', 'mango', 2, 0, '2016-05-25 18:24:08', '2016-05-26 15:06:50');

-- --------------------------------------------------------

--
-- テーブルの構造 `subject`
--

CREATE TABLE `subject` (
  `subject_id` int(11) NOT NULL,
  `subject_name` varchar(255) COLLATE utf8_unicode_ci NOT NULL
) ENGINE=InnoDB DEFAULT CHARSET=utf8 COLLATE=utf8_unicode_ci;

--
-- テーブルのデータのダンプ `subject`
--

INSERT INTO `subject` (`subject_id`, `subject_name`) VALUES
(1, '国語'),
(2, '算数'),
(3, '理科'),
(4, '社会'),
(5, '英語'),
(6, '数学'),
(7, '化学'),
(8, '物理'),
(9, '生物'),
(10, '地理'),
(11, '日本史'),
(12, '世界史'),
(13, '情報'),
(14, '音楽'),
(15, '家庭科'),
(16, '技術'),
(17, '保健・体育'),
(18, 'プログラミング'),
(19, 'キャリア'),
(20, '仕事'),
(999, 'その他');

-- --------------------------------------------------------

--
-- テーブルの構造 `teachers`
--

CREATE TABLE `teachers` (
  `teacher_id` int(11) NOT NULL,
  `nick_name` varchar(255) CHARACTER SET utf8 NOT NULL,
  `email` varchar(255) CHARACTER SET utf8 NOT NULL,
  `password` varchar(100) CHARACTER SET utf8 NOT NULL,
  `self` varchar(255) CHARACTER SET utf8 NOT NULL,
  `link` varchar(255) CHARACTER SET utf8 NOT NULL,
  `picture_path` varchar(255) CHARACTER SET utf8 NOT NULL,
  `created` datetime NOT NULL,
  `modified` datetime NOT NULL
) ENGINE=InnoDB DEFAULT CHARSET=utf8 COLLATE=utf8_unicode_ci;

--
-- テーブルのデータのダンプ `teachers`
--

INSERT INTO `teachers` (`teacher_id`, `nick_name`, `email`, `password`, `self`, `link`, `picture_path`, `created`, `modified`) VALUES
(1, 'yuta更新', 'yuta@gmail.com', 'da39a3ee5e6b4b0d3255bfef95601890afd80709', 'こんにちは', 'http:', '2016052111125401.jpg', '2016-05-21 18:16:39', '2016-05-22 00:14:24'),
(2, 'ゆた', 'yuta@email.com', 'da39a3ee5e6b4b0d3255bfef95601890afd80709', 'はろー', 'http://update', '2016052111311301_3.png', '2016-05-21 18:31:24', '2016-05-23 21:56:06'),
(3, 'yuta', 'yuta@cmail.com', 'da39a3ee5e6b4b0d3255bfef95601890afd80709', 'はろー\r\nこんにちは', 'hhtp:', '2016052111320902.jpg', '2016-05-21 18:32:27', '2016-05-22 16:38:56'),
(4, 'yuta', 'ri004078@gmail.com', 'da39a3ee5e6b4b0d3255bfef95601890afd80709', 'yuta', 'http;//', '2016052210571601.jpg', '2016-05-22 17:57:20', '2016-05-23 19:25:48'),
(5, '実験', 'yuta@mail.com', 'da39a3ee5e6b4b0d3255bfef95601890afd80709', '更新\r\n更新', 'http:', '2016052312562903.jpg', '2016-05-23 19:55:35', '2016-05-23 19:58:22'),
(6, '実験', 'ri004078@se.ritsumei.ac.jp', 'da39a3ee5e6b4b0d3255bfef95601890afd80709', 'はろー<br />\r\nこんにちは\r\n更新です', 'http://update', '2016052314200501_2.jpg', '2016-05-23 21:20:11', '2016-05-23 21:22:14'),
(7, '実験', 'yuta@amail.com', 'da39a3ee5e6b4b0d3255bfef95601890afd80709', 'hello!', 'http:', '2016052315062604.jpg', '2016-05-23 22:06:29', '2016-05-23 22:06:52'),
(8, 'jikken', 'yuta@bmail.com', 'da39a3ee5e6b4b0d3255bfef95601890afd80709', 'jikkenn', 'http:', '2016052315125703.jpg', '2016-05-23 22:13:01', '2016-05-23 22:13:37'),
(9, 'yuta', 'yuta@dmail.com', 'bb2c53df86fdc78ea3c71ee03b438e9191752b85', 'hallo!\r\nyuta', 'http:', '2016052315513701_3.png', '2016-05-23 22:46:25', '2016-05-24 21:33:50');

--
-- Indexes for dumped tables
--

--
-- Indexes for table `main`
--
ALTER TABLE `main`
  ADD PRIMARY KEY (`id_que`);

--
-- Indexes for table `question`
--
ALTER TABLE `question`
  ADD PRIMARY KEY (`id_sub`);

--
-- Indexes for table `selection`
--
ALTER TABLE `selection`
  ADD PRIMARY KEY (`id_sub`);

--
-- Indexes for table `subject`
--
ALTER TABLE `subject`
  ADD PRIMARY KEY (`subject_id`);

--
-- Indexes for table `teachers`
--
ALTER TABLE `teachers`
  ADD PRIMARY KEY (`teacher_id`);

--
-- AUTO_INCREMENT for dumped tables
--

--
-- AUTO_INCREMENT for table `main`
--
ALTER TABLE `main`
  MODIFY `id_que` int(11) NOT NULL AUTO_INCREMENT, AUTO_INCREMENT=206;
--
-- AUTO_INCREMENT for table `question`
--
ALTER TABLE `question`
  MODIFY `id_sub` int(11) NOT NULL AUTO_INCREMENT, AUTO_INCREMENT=301;
--
-- AUTO_INCREMENT for table `selection`
--
ALTER TABLE `selection`
  MODIFY `id_sub` int(11) NOT NULL AUTO_INCREMENT, AUTO_INCREMENT=115;
--
-- AUTO_INCREMENT for table `subject`
--
ALTER TABLE `subject`
  MODIFY `subject_id` int(11) NOT NULL AUTO_INCREMENT, AUTO_INCREMENT=25;
--
-- AUTO_INCREMENT for table `teachers`
--
ALTER TABLE `teachers`
  MODIFY `teacher_id` int(11) NOT NULL AUTO_INCREMENT, AUTO_INCREMENT=10;
/*!40101 SET CHARACTER_SET_CLIENT=@OLD_CHARACTER_SET_CLIENT */;
/*!40101 SET CHARACTER_SET_RESULTS=@OLD_CHARACTER_SET_RESULTS */;
/*!40101 SET COLLATION_CONNECTION=@OLD_COLLATION_CONNECTION */;
